1,2,3,4,5,6,7,8,9,10,11,12,13,14,15,16,labels
0,1,0,1,1,1,0,0,0,1,0,1,1,1,0,1,republican
0,1,0,1,1,1,0,0,0,0,0,1,1,1,0,1,republican
0,1,1,0,1,1,0,0,0,0,1,0,1,1,0,0,democrat
0,1,1,0,1,1,0,0,0,0,1,0,1,0,0,1,democrat
1,1,1,0,1,1,0,0,0,0,1,0,1,1,1,1,democrat
0,1,1,0,1,1,0,0,0,0,0,0,1,1,1,1,democrat
0,1,0,1,1,1,0,0,0,0,0,0,1,1,1,1,democrat
0,1,0,1,1,1,0,0,0,0,0,0,1,1,0,1,republican
0,1,0,1,1,1,0,0,0,0,0,1,1,1,0,1,republican
1,1,1,0,0,0,1,1,1,0,0,0,0,0,0,1,democrat
0,1,0,1,1,0,0,0,0,0,0,0,1,1,0,0,republican
0,1,0,1,1,1,0,0,0,0,1,0,1,1,0,1,republican
0,1,1,0,0,0,1,1,1,0,0,0,1,0,0,1,democrat
1,1,1,0,0,1,1,1,1,1,1,0,0,0,1,1,democrat
0,1,0,1,1,1,0,0,0,0,0,1,1,1,0,1,republican
0,1,0,1,1,1,0,0,0,1,0,1,1,1,0,1,republican
1,0,1,0,0,1,0,1,1,1,1,1,1,0,0,1,democrat
1,1,1,0,0,0,1,1,1,0,0,0,1,0,1,1,democrat
0,1,0,1,1,1,0,0,0,0,0,0,1,1,0,0,republican
1,1,1,0,0,0,1,1,1,0,1,0,0,0,1,1,democrat
1,1,1,0,0,1,1,1,0,0,1,0,0,0,1,1,democrat
1,1,1,0,0,0,1,1,1,0,0,0,1,1,1,1,democrat
1,1,1,0,0,0,1,1,1,0,0,0,0,0,1,1,democrat
1,1,1,0,0,0,1,1,1,0,0,0,0,0,1,1,democrat
1,0,1,0,0,0,1,1,1,0,0,0,0,0,1,1,democrat
1,0,1,0,0,0,1,1,1,1,0,0,0,0,1,1,democrat
1,0,1,0,0,0,1,1,1,0,1,0,0,0,1,1,democrat
1,1,1,0,0,0,1,1,1,0,1,0,0,0,1,1,democrat
1,0,0,1,1,0,1,1,1,0,0,1,1,1,0,1,republican
1,1,1,0,0,0,1,1,1,0,1,0,0,0,1,1,democrat
0,1,0,1,1,1,0,0,0,0,0,1,1,1,0,0,republican
1,1,1,0,0,0,1,1,1,0,1,0,0,0,1,1,democrat
1,1,1,0,0,0,1,1,1,1,0,0,1,0,1,1,democrat
0,1,0,1,1,1,0,0,0,0,0,1,1,1,0,1,republican
1,1,1,0,0,0,1,1,1,0,0,0,0,0,1,1,democrat
0,1,0,1,1,1,0,0,0,0,0,1,1,1,0,0,republican
1,1,0,1,1,1,0,0,0,1,0,1,1,1,0,1,republican
1,1,0,1,1,1,0,0,0,0,0,0,1,1,0,1,republican
0,1,0,1,1,1,0,0,0,1,0,1,1,1,0,0,republican
1,0,1,0,0,0,1,1,1,1,1,0,1,0,1,1,democrat
1,1,1,0,0,0,1,1,1,0,0,0,0,0,0,1,democrat
1,1,1,0,0,0,1,1,1,0,0,0,0,0,1,1,democrat
1,0,1,0,0,0,1,1,1,0,0,0,0,0,0,1,democrat
1,0,1,0,0,0,1,1,1,0,0,0,0,0,1,1,democrat
1,1,1,0,0,0,1,1,1,0,1,0,0,0,0,1,democrat
1,1,1,0,0,0,1,1,1,0,1,0,0,0,1,1,democrat
1,1,1,0,0,0,1,1,1,0,0,0,0,0,0,1,democrat
1,0,1,0,0,0,1,1,1,0,0,0,0,0,0,1,democrat
1,1,1,0,0,0,1,1,0,0,0,0,0,1,0,1,democrat
0,1,0,1,1,1,0,0,0,0,0,1,1,1,0,0,republican
1,1,1,0,0,0,1,1,1,0,1,0,0,0,1,1,democrat
0,1,0,1,1,1,0,1,0,0,0,1,1,1,0,1,republican
1,1,1,0,0,0,1,1,1,0,0,0,0,0,0,1,democrat
1,1,0,1,1,1,0,0,0,1,0,1,1,1,0,0,republican
1,1,1,0,0,1,1,1,0,0,1,1,0,1,0,1,democrat
0,1,0,1,1,1,0,0,0,1,1,1,1,1,0,0,republican
0,1,0,1,1,1,0,0,0,1,1,1,1,1,0,1,republican
0,1,0,1,1,1,0,0,0,1,0,1,1,1,0,1,republican
0,1,0,1,1,1,0,0,0,1,0,1,1,1,0,1,republican
0,1,0,1,1,1,0,0,0,1,0,1,1,1,0,1,republican
1,1,1,0,0,1,1,1,1,1,0,0,0,0,1,1,democrat
0,1,0,1,1,1,0,0,0,0,0,1,1,1,0,0,republican
1,1,1,0,0,0,1,1,1,0,0,0,0,0,0,1,democrat
1,1,1,0,0,0,1,1,1,0,1,0,0,0,0,1,democrat
1,1,1,0,0,0,1,1,1,0,1,0,0,0,0,1,democrat
1,1,0,1,1,1,1,0,0,0,0,1,1,1,0,1,republican
0,1,0,1,1,1,1,0,0,0,1,1,1,1,0,1,republican
0,1,0,1,1,1,0,0,0,1,0,1,1,1,0,0,republican
1,1,1,0,0,0,1,1,1,0,0,0,1,0,1,1,democrat
1,1,1,0,0,0,1,1,1,0,0,0,0,0,1,1,democrat
1,0,1,0,0,0,1,1,1,0,0,0,1,0,1,1,democrat
1,1,1,1,0,0,1,1,1,1,1,0,0,1,0,1,republican
1,1,1,0,0,0,1,1,1,0,1,0,0,0,1,1,democrat
1,0,1,1,1,0,1,0,1,1,0,0,1,1,0,1,republican
1,0,1,0,0,1,1,1,1,1,1,0,0,1,1,1,democrat
0,1,1,1,1,1,0,0,0,1,1,0,1,1,0,0,democrat
0,1,1,0,1,1,0,0,0,1,1,1,1,1,0,1,democrat
0,1,1,1,1,1,0,1,1,1,1,1,1,1,0,1,democrat
1,1,1,0,1,1,0,0,0,1,1,0,1,1,0,1,democrat
0,0,0,1,1,0,0,0,0,1,0,1,1,1,0,0,republican
1,0,1,0,0,1,1,1,1,1,0,1,0,1,0,1,democrat
1,0,1,0,0,0,1,1,1,1,1,1,0,1,0,1,democrat
0,0,0,1,1,1,0,0,0,1,0,1,1,1,0,1,republican
0,0,0,1,1,1,0,0,0,0,0,1,1,1,0,0,republican
0,1,0,1,1,1,0,0,0,1,0,1,1,1,0,0,republican
0,0,1,0,1,1,0,0,0,1,1,1,1,1,0,1,democrat
0,0,0,1,1,1,0,0,0,1,0,1,1,1,0,0,republican
0,0,0,1,1,1,0,0,0,0,0,1,1,1,0,0,republican
0,1,1,0,1,1,1,0,1,1,1,0,1,1,0,1,democrat
0,0,0,1,1,1,0,0,0,1,0,0,1,1,0,1,republican
1,0,1,0,0,0,1,1,1,1,0,0,0,0,1,1,democrat
1,0,1,0,0,0,1,1,1,1,1,0,0,0,1,1,democrat
1,1,1,0,0,0,1,1,0,1,1,0,0,1,1,1,democrat
1,0,1,0,0,0,1,0,1,1,1,0,0,0,1,1,democrat
1,0,1,0,1,1,0,0,0,0,0,0,0,0,0,1,democrat
1,0,1,0,1,1,0,1,1,0,1,0,1,1,1,1,democrat
0,0,1,0,1,1,0,0,0,0,1,1,1,1,0,1,democrat
1,0,0,0,1,1,1,0,0,1,1,0,0,1,0,1,democrat
1,1,1,0,0,1,1,1,1,1,0,0,0,0,0,1,democrat
0,0,0,1,1,1,0,0,0,1,0,1,1,1,0,0,republican
1,0,0,0,1,1,0,0,0,0,1,1,0,1,0,1,democrat
1,0,1,0,1,1,1,0,0,0,1,0,0,1,0,1,democrat
1,0,1,0,1,1,1,0,1,0,1,0,1,1,1,1,democrat
1,0,0,0,1,1,1,0,1,0,0,0,0,1,0,0,democrat
0,1,1,0,0,1,1,1,1,1,0,0,1,1,0,1,democrat
1,1,1,0,0,0,0,1,1,0,1,0,0,0,1,1,democrat
0,1,0,1,1,1,0,0,0,0,0,1,1,1,0,1,republican
0,1,1,0,1,1,1,1,1,1,0,0,1,1,0,1,republican
1,1,1,0,0,0,1,1,1,0,0,0,0,0,1,1,democrat
1,1,1,0,0,0,1,1,1,0,0,0,0,0,1,1,democrat
0,0,1,0,0,0,1,1,1,1,0,0,0,0,1,1,democrat
0,1,0,1,1,1,0,0,0,1,0,1,1,1,0,1,republican
0,1,1,0,0,1,1,1,0,1,0,0,0,0,1,1,democrat
0,1,0,1,1,1,0,0,0,1,0,1,1,1,0,0,republican
1,1,1,0,0,0,1,1,1,0,0,0,0,0,1,1,democrat
0,1,1,0,1,1,1,1,1,1,0,0,0,0,1,1,democrat
1,0,1,0,0,0,1,1,1,0,1,0,0,0,1,1,democrat
1,1,1,1,1,0,1,0,0,0,0,1,1,1,0,1,republican
0,1,1,0,0,0,0,1,1,1,1,0,0,0,1,1,democrat
0,0,0,1,1,1,0,0,0,0,0,1,1,1,0,0,republican
0,1,1,1,1,1,0,0,0,1,0,1,1,1,0,1,republican
0,1,0,1,1,1,0,0,0,1,0,1,1,1,0,1,republican
0,0,0,1,1,1,0,0,0,1,0,1,0,1,0,1,republican
1,1,0,1,1,1,0,1,0,0,0,1,1,1,0,1,republican
0,1,1,0,0,0,1,1,1,0,0,0,0,0,1,1,democrat
0,1,0,1,1,1,0,0,0,1,0,1,1,1,0,1,republican
0,1,0,1,1,1,0,0,0,0,0,1,1,1,0,0,republican
0,1,1,0,0,0,1,1,1,1,1,0,0,1,1,1,democrat
0,1,1,0,0,1,0,1,0,1,1,0,0,0,1,1,democrat
0,1,1,0,0,0,1,1,1,0,0,0,1,1,0,1,democrat
1,1,1,0,1,1,1,1,1,0,0,0,0,0,1,1,democrat
0,0,1,0,0,1,0,1,1,1,0,0,0,1,0,1,democrat
0,0,0,1,1,1,0,0,0,1,0,1,1,1,0,1,republican
0,0,0,1,1,1,0,0,0,1,0,1,1,1,0,1,republican
0,0,0,1,1,1,0,0,0,0,0,1,1,1,0,1,republican
0,0,0,1,1,1,0,0,0,1,0,1,1,1,0,0,republican
0,1,0,1,1,1,0,0,0,1,1,1,1,0,0,1,republican
0,1,1,0,0,1,1,1,1,1,0,0,0,1,1,1,democrat
0,0,1,0,0,1,1,1,1,1,0,0,0,1,0,1,democrat
1,0,1,0,0,1,1,1,1,0,0,0,0,0,1,1,democrat
0,0,0,1,0,0,1,1,1,1,0,0,1,1,0,1,republican
0,0,0,1,1,1,1,1,1,1,0,1,1,1,0,1,republican
0,0,0,1,1,1,1,1,1,1,0,1,1,1,0,1,republican
0,1,0,0,0,0,1,1,1,1,1,0,0,1,1,1,democrat
0,1,0,0,0,1,1,1,1,1,0,0,0,1,0,1,democrat
0,0,1,0,0,1,1,1,1,1,0,0,0,1,0,1,democrat
0,1,0,1,1,1,0,0,0,0,0,1,1,1,0,1,republican
0,0,0,0,0,0,1,1,1,1,0,1,1,1,1,1,democrat
0,1,0,1,1,1,0,0,0,1,1,1,1,1,0,1,republican
0,0,1,0,0,0,1,1,1,1,0,0,1,0,1,1,democrat
1,1,0,1,1,1,0,0,0,1,0,1,1,1,0,1,republican
1,1,1,1,1,1,0,0,1,0,1,0,1,1,0,0,democrat
0,1,1,0,0,1,0,1,1,1,1,0,1,0,1,1,democrat
0,0,1,0,0,1,1,1,1,1,1,0,1,1,0,1,democrat
0,1,0,1,1,1,0,0,0,0,0,1,1,1,0,0,republican
1,1,0,1,1,1,0,1,0,0,1,1,1,1,0,0,republican
1,1,0,1,1,1,1,0,0,0,0,1,1,1,0,0,republican
0,1,1,0,0,1,0,1,1,0,1,0,1,1,0,1,democrat
0,1,0,1,1,1,0,0,0,1,0,1,1,1,0,0,republican
0,1,1,0,1,1,1,1,1,1,1,0,0,1,0,1,democrat
0,1,0,0,1,1,0,0,0,0,0,1,1,1,1,1,democrat
0,0,0,0,1,1,1,0,0,0,0,1,1,1,0,1,democrat
0,1,1,0,1,1,1,0,0,0,1,1,1,1,0,1,democrat
0,1,0,1,1,1,1,0,0,0,0,1,1,1,0,1,republican
1,1,0,0,1,1,0,0,0,1,1,1,1,1,0,1,democrat
0,1,1,0,0,1,1,1,1,1,1,0,1,0,1,1,democrat
1,0,1,1,1,1,1,1,0,1,0,1,0,1,1,1,republican
1,0,1,1,1,1,1,1,0,1,1,1,0,1,1,1,republican
0,0,1,1,1,1,0,0,1,0,0,0,1,1,1,1,democrat
1,0,1,0,0,0,1,1,1,1,1,0,0,1,0,1,democrat
1,0,1,0,0,0,1,1,1,1,0,0,0,0,1,1,democrat
0,1,0,1,1,1,0,0,0,1,0,1,1,1,0,1,republican
0,1,1,0,0,0,1,1,1,1,0,0,1,0,1,1,democrat
0,0,0,0,1,1,0,0,0,1,1,1,1,1,0,1,democrat
1,1,1,0,0,0,1,1,1,0,0,0,0,0,1,1,democrat
0,1,1,0,0,0,1,1,1,1,0,0,0,0,1,1,democrat
0,0,1,1,0,0,1,1,1,1,0,0,0,1,1,1,republican
0,0,1,0,0,0,1,1,1,1,1,0,0,0,1,1,democrat
0,0,1,0,0,0,1,1,1,1,1,0,0,0,1,1,democrat
1,0,1,0,0,0,1,1,1,1,0,0,0,0,1,1,democrat
0,1,1,0,0,0,1,1,1,1,0,0,0,0,0,1,democrat
0,0,1,0,0,0,1,1,1,1,1,0,0,0,1,1,democrat
1,1,1,0,0,0,1,1,1,0,0,0,0,0,1,1,democrat
0,1,1,0,1,1,1,1,1,1,0,0,1,1,0,1,democrat
0,0,1,0,0,0,1,1,1,1,1,0,0,0,1,1,democrat
1,0,1,0,0,0,1,1,1,1,0,0,0,0,1,1,democrat
0,1,1,0,0,0,1,1,1,1,1,0,0,0,1,1,democrat
1,0,1,0,0,0,1,1,1,0,0,0,0,0,1,1,democrat
1,1,0,1,1,1,1,1,0,0,0,1,1,1,0,1,republican
1,0,1,0,0,0,1,1,1,0,0,0,0,0,1,1,democrat
0,1,0,1,1,1,0,0,0,0,0,1,1,1,0,1,republican
0,1,0,1,1,1,0,1,0,1,0,1,1,1,0,1,republican
0,0,0,0,0,1,1,1,1,0,1,0,0,1,1,1,democrat
0,0,1,0,0,0,1,1,1,0,0,0,0,0,1,1,democrat
0,0,1,0,0,1,1,1,1,1,1,0,0,0,1,1,democrat
0,0,0,1,1,1,0,0,0,0,0,1,1,1,0,1,republican
0,0,1,0,0,1,1,1,1,0,1,1,0,1,1,1,democrat
0,1,1,1,1,1,0,0,0,1,0,0,0,1,0,1,republican
0,0,1,0,0,0,1,1,1,1,1,0,1,0,1,1,democrat
1,1,0,0,0,0,1,1,1,0,1,0,0,0,1,1,democrat
0,0,1,0,0,0,1,1,1,0,0,0,0,1,1,1,democrat
1,1,1,0,0,0,1,1,1,0,0,0,0,0,1,1,democrat
1,0,1,0,0,1,1,1,1,1,1,0,0,0,1,1,democrat
1,0,1,0,0,0,1,1,1,1,0,0,0,0,1,1,democrat
0,0,1,1,1,1,1,0,0,0,0,1,1,1,0,1,republican
0,0,1,0,0,1,1,1,1,1,0,1,0,0,0,1,democrat
0,0,0,1,1,1,0,0,0,1,0,1,0,1,0,1,republican
1,1,0,1,1,1,1,0,0,1,0,1,1,1,0,1,republican
0,0,1,0,0,0,1,1,1,0,0,0,0,0,1,1,democrat
1,1,1,0,0,0,1,1,1,1,1,0,0,0,0,1,democrat
0,0,1,0,0,1,1,1,1,0,0,0,0,0,1,1,democrat
0,1,0,1,1,1,0,0,0,1,0,1,1,1,0,1,republican
0,0,1,0,0,0,1,1,1,0,1,0,0,0,1,1,democrat
0,1,1,0,0,1,0,1,1,0,1,0,1,0,1,1,democrat
1,1,0,1,1,1,0,0,0,1,0,1,1,1,0,1,republican
0,1,1,1,1,1,0,0,0,1,1,1,1,1,1,1,democrat
1,1,1,0,1,1,0,0,1,1,0,0,0,1,1,1,democrat
0,1,0,1,1,1,0,0,0,1,0,1,1,1,0,0,republican
1,1,1,0,0,0,1,1,1,0,0,0,0,0,1,1,democrat
0,1,1,0,0,0,0,1,1,0,1,0,0,1,1,1,democrat
0,0,1,0,0,0,1,1,1,0,0,0,0,0,1,1,democrat
0,1,1,0,1,1,0,0,0,0,1,0,0,0,1,1,democrat
1,0,1,0,0,0,1,1,1,0,1,0,0,0,1,1,democrat
0,0,0,1,1,0,0,0,0,0,0,1,1,1,0,1,republican
0,1,0,1,1,1,0,0,0,1,0,0,1,1,0,0,republican
0,1,0,1,1,1,0,0,0,0,0,1,1,1,0,1,republican
0,0,1,0,0,1,1,1,1,0,1,0,0,1,1,1,democrat
1,0,1,0,0,0,1,1,1,0,0,0,0,0,0,1,democrat
0,1,0,1,1,1,0,0,0,0,0,1,1,1,0,1,republican
0,1,1,1,1,1,1,0,1,1,0,1,1,1,0,1,republican
0,1,0,1,1,1,0,0,0,0,0,1,1,1,0,1,republican
0,1,0,1,1,1,0,0,1,1,0,1,1,1,0,1,republican
0,1,1,0,0,0,1,1,0,0,1,0,0,0,1,1,democrat
0,1,0,1,1,1,0,0,0,1,0,1,1,1,0,1,republican
0,0,1,0,0,1,1,1,1,1,0,1,0,1,1,1,democrat
0,0,0,1,1,1,0,0,0,1,0,1,0,1,0,1,republican
0,0,1,0,0,0,1,1,1,0,0,0,0,0,1,1,democrat
1,0,1,0,0,1,1,1,0,0,0,1,1,0,0,1,democrat
1,1,1,0,0,0,1,1,1,1,0,0,0,0,1,1,democrat
0,0,0,1,1,1,1,0,0,1,0,0,0,1,1,1,republican
0,0,0,1,0,1,1,1,1,0,0,1,1,1,0,1,republican
1,0,1,0,0,0,1,1,1,1,1,0,0,1,1,1,democrat
0,0,0,0,1,1,1,0,0,0,0,0,0,1,1,1,republican
0,1,1,0,0,0,1,1,1,1,0,0,1,0,1,1,democrat
1,0,1,0,0,0,0,1,1,1,0,0,0,0,1,1,democrat
1,0,1,0,0,0,1,1,1,1,1,0,0,0,1,1,democrat
0,0,1,0,1,0,1,1,1,0,0,0,0,1,0,1,democrat
0,1,0,1,1,1,1,0,0,0,0,0,1,1,0,0,republican
0,1,1,0,1,1,1,1,1,1,0,0,1,1,0,1,republican
1,0,1,0,0,0,1,1,1,0,1,0,0,0,1,1,democrat
0,1,0,1,1,1,0,0,0,0,0,1,1,1,0,0,republican
0,1,0,1,1,1,0,0,0,0,0,1,1,1,0,0,republican
1,1,1,0,0,1,1,1,1,0,0,0,0,0,1,1,democrat
0,1,0,1,1,1,0,0,0,0,0,1,1,1,0,1,republican
1,0,1,0,0,0,1,1,1,1,0,0,0,0,0,1,democrat
1,0,1,0,0,0,1,1,1,1,0,0,0,1,1,1,democrat
0,0,0,1,1,0,0,0,0,0,0,1,0,1,0,0,republican
0,0,0,1,1,0,0,0,0,0,0,1,0,1,0,1,republican
0,0,1,0,0,0,1,1,1,0,1,0,0,0,1,1,democrat
1,0,1,0,0,0,1,1,1,0,0,0,0,0,0,1,democrat
1,0,1,0,0,0,1,1,1,1,0,0,0,0,0,1,democrat
1,0,1,0,0,1,1,1,1,0,0,0,0,1,0,1,democrat
1,0,1,0,0,0,1,1,1,1,0,0,1,0,1,1,democrat
1,0,1,0,0,0,1,1,1,0,0,0,0,0,1,1,democrat
1,0,1,0,0,0,1,1,1,0,0,0,0,0,1,1,democrat
1,0,1,0,0,0,1,1,1,1,0,0,0,0,0,1,democrat
0,0,0,1,1,1,0,0,0,1,0,1,0,1,0,1,republican
1,0,0,0,0,0,1,1,1,1,0,0,0,1,0,1,republican
1,0,1,0,0,0,1,1,1,0,0,0,0,0,1,1,democrat
1,0,1,0,0,0,1,1,1,0,0,0,0,0,0,1,democrat
1,1,1,0,0,0,1,1,1,0,0,0,0,0,1,1,democrat
0,1,1,0,0,1,1,1,1,0,0,0,0,0,0,1,democrat
1,0,1,0,0,0,1,1,1,1,0,0,0,0,1,1,democrat
0,0,0,1,1,0,1,1,0,1,0,1,1,1,0,1,republican
1,0,0,1,1,0,1,0,0,1,0,0,0,1,1,1,republican
0,0,1,0,1,1,0,0,0,0,0,0,1,1,0,0,democrat
0,0,0,1,1,1,0,0,0,0,0,1,1,1,1,0,republican
0,0,1,1,1,1,1,1,0,1,0,0,0,1,0,1,republican
0,0,0,1,1,1,0,0,0,0,0,1,1,1,0,1,republican
0,0,0,1,1,1,0,0,0,1,0,1,1,1,0,0,republican
0,0,1,0,0,0,1,1,1,1,0,0,0,1,0,1,democrat
1,0,1,1,1,1,1,1,0,0,0,0,0,1,0,1,republican
1,0,0,1,1,1,0,0,0,1,0,0,1,1,0,0,republican
0,0,0,1,1,1,0,0,0,0,0,1,1,1,0,1,republican
0,0,1,0,0,1,1,1,1,1,1,0,0,0,0,1,democrat
0,0,1,0,0,1,1,1,1,1,1,0,0,0,1,1,democrat
0,0,1,0,0,1,1,1,1,1,1,1,0,1,1,1,democrat
1,1,1,0,0,1,1,1,1,0,1,0,1,0,0,1,democrat
1,1,1,0,1,1,0,1,0,1,1,0,1,1,1,1,democrat
1,1,1,0,1,1,0,1,0,1,1,0,1,1,0,1,democrat
1,0,1,0,1,1,1,1,1,1,0,0,1,1,0,1,democrat
1,0,1,0,0,1,1,1,1,1,0,0,0,1,0,1,democrat
1,0,1,0,0,1,1,1,0,1,1,0,1,1,1,1,democrat
1,1,1,0,0,1,1,1,1,1,1,0,1,1,1,1,democrat
0,1,1,0,0,1,1,1,0,1,1,0,1,1,0,1,democrat
0,1,0,1,1,1,1,1,0,1,0,1,1,1,0,1,republican
0,0,1,1,1,1,0,0,0,1,0,1,1,1,1,1,republican
1,1,1,0,0,1,1,1,1,1,0,0,1,0,1,1,democrat
0,1,0,0,0,0,1,1,1,1,1,0,0,0,1,1,democrat
0,1,1,0,0,1,1,1,1,1,0,0,1,1,1,1,democrat
0,0,0,1,1,0,1,1,1,1,0,1,1,1,0,1,republican
0,0,1,0,0,1,1,1,1,0,0,0,0,0,1,1,democrat
0,0,0,1,1,1,1,0,0,1,0,1,1,1,0,1,republican
0,0,0,1,1,1,0,0,0,0,0,1,1,1,0,0,republican
0,1,0,1,1,1,0,0,0,1,0,1,1,1,0,1,republican
0,0,0,1,1,1,0,0,0,1,0,1,1,1,0,0,republican
0,0,0,1,1,1,0,0,0,0,0,1,1,1,0,0,republican
1,0,1,0,0,1,1,1,1,0,0,0,0,1,0,1,democrat
0,0,0,1,1,1,0,0,0,1,0,1,1,1,0,0,republican
1,0,0,0,0,1,1,1,1,1,0,0,0,1,1,1,democrat
0,0,0,1,1,1,0,0,0,1,0,1,1,1,1,0,republican
0,0,1,0,0,1,1,1,1,1,0,0,1,0,0,1,democrat
1,1,1,0,0,0,1,1,1,1,0,0,0,0,1,1,democrat
0,1,1,1,1,1,0,0,0,1,0,1,1,1,0,1,republican
0,1,0,1,1,1,1,1,0,0,1,1,1,1,1,1,republican
0,1,1,1,1,1,1,1,0,0,0,0,1,1,1,1,republican
0,0,0,0,0,1,0,1,1,0,1,1,1,1,1,0,democrat
1,0,0,0,0,0,1,1,1,1,0,0,0,0,1,1,democrat
0,0,1,0,0,0,1,1,1,0,0,0,0,0,1,1,democrat
1,0,1,0,0,0,1,1,1,0,0,0,0,0,1,1,democrat
0,1,1,0,0,1,0,1,1,1,0,0,1,1,0,1,democrat
1,1,1,0,0,0,1,1,1,1,0,0,1,0,0,1,democrat
1,1,1,0,1,1,0,1,0,0,1,0,1,1,0,1,democrat
1,1,1,0,1,1,0,1,1,1,0,0,1,1,0,1,democrat
0,1,0,1,1,1,0,0,0,0,1,1,1,1,0,0,republican
0,1,0,0,1,1,0,0,1,0,0,1,1,1,0,1,democrat
1,1,0,1,0,0,1,1,1,0,1,0,0,1,0,1,democrat
0,1,0,1,1,1,0,0,0,0,0,1,1,1,0,1,republican
1,1,1,0,0,0,1,1,1,0,1,0,0,0,0,1,democrat
1,1,1,0,0,1,1,1,1,1,0,0,0,0,1,1,democrat
0,1,0,1,1,1,0,0,0,1,0,1,1,1,0,0,republican
1,1,1,0,0,0,1,1,1,0,0,0,0,0,1,1,democrat
1,0,1,0,0,0,1,1,1,0,1,0,0,0,1,1,democrat
0,0,1,0,0,0,1,1,1,0,0,0,0,0,1,1,democrat
0,1,1,0,0,1,1,1,1,0,1,1,0,0,1,1,democrat
0,0,0,1,1,1,0,0,0,1,1,1,1,1,0,1,republican
0,0,1,0,0,1,1,1,0,0,1,0,0,1,0,1,democrat
1,0,1,0,0,0,1,1,1,0,0,0,0,0,1,1,democrat
1,0,1,0,0,0,1,1,1,1,0,0,0,1,1,1,democrat
1,0,0,1,1,1,0,0,0,0,1,1,1,1,0,0,republican
0,0,0,1,1,1,0,0,0,1,1,1,0,1,0,1,republican
0,1,1,0,0,1,1,1,1,1,1,0,1,1,1,1,democrat
0,1,1,0,1,1,1,0,0,1,1,0,1,0,1,1,democrat
0,0,0,1,1,0,1,0,1,1,0,0,0,1,0,1,republican
0,0,1,0,0,0,1,1,1,1,1,0,0,0,1,1,democrat
0,0,0,1,1,1,1,0,0,1,0,1,0,1,1,1,republican
0,0,0,1,1,1,0,0,0,1,0,1,1,1,0,1,republican
1,0,0,1,1,1,0,0,0,1,0,1,1,1,0,0,republican
1,0,1,0,0,0,1,1,1,1,0,1,0,0,1,1,democrat
0,1,1,1,1,1,1,1,1,0,0,1,1,1,0,1,republican
0,1,0,0,0,1,1,0,1,0,1,0,0,0,1,1,democrat
0,0,1,1,1,1,1,1,1,1,0,1,1,1,1,1,republican
0,1,0,1,0,1,1,1,1,0,1,0,1,0,1,1,democrat
0,0,1,1,1,1,1,0,0,1,1,1,1,1,0,1,republican
0,1,1,0,0,1,1,1,1,1,0,0,0,0,1,1,democrat
1,0,1,1,0,0,0,1,1,1,0,0,0,1,1,1,republican
0,0,0,1,1,1,0,0,0,0,0,1,1,1,0,0,republican
0,0,0,1,1,1,0,0,0,0,0,1,1,1,0,0,republican
1,1,1,0,0,1,1,1,1,1,1,1,1,1,0,1,democrat
0,0,0,1,1,1,0,0,0,1,0,1,1,1,0,1,republican
1,0,1,0,0,1,1,1,1,1,0,0,1,0,0,1,democrat
1,0,1,0,1,1,1,0,1,1,0,0,1,1,0,1,democrat
1,1,1,0,0,1,1,1,1,1,1,1,1,0,0,1,democrat
1,1,0,1,1,1,0,0,0,1,1,0,1,0,0,0,republican
1,1,0,1,1,1,0,0,0,0,1,0,1,1,0,1,republican
0,1,0,0,1,1,0,0,0,1,1,0,1,1,0,0,democrat
1,0,1,0,0,0,1,1,0,1,1,0,0,0,0,1,democrat
1,1,1,0,1,1,1,1,0,1,1,0,0,0,1,1,democrat
0,1,1,0,0,1,1,1,0,1,0,0,0,0,1,1,democrat
0,1,0,1,1,1,0,0,0,0,0,0,1,1,0,1,republican
1,1,1,0,1,1,1,1,0,1,0,0,0,0,1,1,democrat
1,1,1,0,1,0,1,1,1,1,0,0,0,0,1,1,democrat
0,1,1,1,1,1,0,0,0,0,1,1,1,1,0,0,democrat
0,1,1,0,1,1,0,1,0,1,0,0,1,1,0,1,democrat
0,1,0,1,1,1,0,0,0,0,0,1,1,1,0,1,republican
0,1,0,1,1,1,0,0,0,0,1,1,0,1,0,0,democrat
1,1,1,0,0,0,1,1,1,0,1,0,0,0,1,1,democrat
0,1,0,1,1,1,1,1,0,0,0,0,1,1,0,1,republican
0,0,0,1,1,1,0,0,0,0,0,1,1,1,0,1,republican
0,0,0,1,1,1,0,0,0,0,0,1,1,1,0,1,republican
1,1,1,0,0,1,1,1,1,0,1,0,1,0,1,1,democrat
1,1,1,0,1,1,1,1,1,1,1,0,1,1,0,1,democrat
1,1,0,1,1,1,0,0,0,0,1,0,1,1,0,1,democrat
1,1,1,0,1,1,0,1,1,1,1,0,0,0,0,1,democrat
1,1,1,1,1,1,0,0,0,0,1,1,1,1,0,1,democrat
1,1,0,0,1,1,0,0,0,0,1,1,1,1,1,0,democrat
0,1,1,0,1,1,0,1,0,0,1,0,0,0,0,1,democrat
1,1,1,0,1,1,0,1,1,0,1,0,0,1,0,1,democrat
0,1,1,1,1,1,0,0,0,0,0,1,1,1,0,1,democrat
1,0,1,0,0,0,1,1,1,1,1,0,0,0,1,1,democrat
0,1,0,0,1,1,1,0,0,0,1,1,0,1,0,1,democrat
1,1,0,0,0,0,0,1,1,0,1,0,0,0,1,0,democrat
1,1,0,1,1,1,0,0,0,0,1,1,1,1,0,1,republican
0,1,1,0,0,1,0,1,1,0,0,1,1,0,0,1,republican
1,1,1,0,1,1,0,0,0,0,1,0,1,0,0,1,democrat
1,1,1,0,0,0,0,1,0,0,1,0,0,0,1,1,democrat
1,1,1,0,1,1,0,1,0,0,1,0,1,0,1,1,democrat
1,1,0,0,1,1,0,0,0,0,1,0,1,1,0,1,democrat
0,1,1,0,1,1,0,1,0,0,0,0,0,0,0,1,democrat
0,1,0,1,1,1,0,0,0,1,0,1,1,1,0,0,republican
0,1,0,1,1,1,0,1,0,0,0,0,1,1,0,1,republican
0,1,0,1,1,1,0,0,0,1,1,1,1,1,0,0,republican
0,0,1,1,0,1,1,1,1,1,0,1,0,1,0,1,republican
0,1,0,1,1,1,0,0,0,1,0,1,1,1,0,0,republican
1,1,0,1,1,1,0,0,0,1,0,1,1,1,0,1,republican
0,0,0,1,1,1,0,0,0,0,0,1,1,1,0,1,republican
1,0,1,0,1,1,0,0,1,1,0,0,1,1,0,1,democrat
0,0,0,1,1,1,0,0,0,0,1,1,1,1,0,0,democrat
1,0,1,0,0,1,1,1,1,0,0,1,1,1,1,1,democrat
0,0,0,1,1,1,0,0,0,0,0,1,1,1,0,0,republican
0,0,0,1,1,1,0,0,0,0,1,1,1,1,0,1,republican
1,0,1,0,0,1,1,1,1,1,1,0,0,0,0,1,democrat
0,0,0,1,1,1,0,0,0,1,0,1,1,1,0,1,republican
1,1,1,1,1,1,1,1,0,1,0,0,1,1,0,1,republican
1,1,1,0,0,0,1,1,1,0,0,0,0,0,0,1,democrat
0,1,1,0,0,1,1,1,1,1,0,0,0,0,0,1,democrat
1,1,0,1,1,1,0,0,0,1,0,0,1,1,0,1,republican
1,1,1,0,0,0,1,1,1,1,1,0,1,0,0,1,democrat
1,1,1,0,0,0,1,1,0,1,0,0,0,0,0,1,democrat
1,1,1,0,0,0,1,1,1,0,0,0,0,0,0,1,democrat
1,1,1,1,1,1,1,1,0,1,0,0,1,1,0,1,republican
0,1,1,0,1,1,1,1,0,0,1,0,1,0,1,1,democrat
0,0,1,0,0,1,1,1,1,0,1,0,0,0,1,1,democrat
0,1,1,0,0,1,1,1,1,0,1,0,0,1,1,1,democrat
0,1,1,0,0,1,1,1,1,1,1,0,1,1,1,1,democrat
0,0,1,0,0,0,1,1,0,1,1,0,0,0,1,1,democrat
1,0,1,0,0,0,1,1,1,1,0,0,0,0,1,1,democrat
0,0,0,1,1,1,1,1,0,1,0,1,1,1,0,1,republican
0,1,1,0,0,0,1,1,1,1,0,0,1,0,1,1,democrat
1,0,1,0,1,0,1,1,1,1,0,1,0,1,1,1,democrat
0,0,1,1,1,1,0,0,1,1,0,1,1,1,0,1,republican
0,0,1,0,0,0,1,1,1,1,0,0,0,0,0,1,democrat
0,1,0,1,1,1,0,0,0,0,1,1,1,1,0,1,republican
0,0,0,1,1,1,1,1,1,1,0,1,1,1,0,1,republican
0,1,0,1,1,1,0,0,0,1,0,1,1,1,0,0,republican
